CustomerID,Tenure,MonthlySpend,ConsultingHours,SatisfactionScore,ServiceUsage,ContractType,Churn
1,39,4263.3,42,2,0.6471845072798192,Fixed,0
2,52,7868.22,72,1,0.6008703042097576,Fixed,0
3,29,6429.68,24,3,0.764954546370687,Fixed,0
4,15,8069.94,80,3,0.6274324415149406,Flexible,0
5,43,9041.2,49,3,0.6325876537064834,Flexible,1
6,8,6210.91,26,2,0.5436767548608518,Fixed,0
7,21,9806.58,91,3,0.4470675392058727,Flexible,0
8,39,6120.07,37,1,0.5858114890017538,Fixed,0
9,58,6402.78,68,4,0.2947938870147205,Flexible,0
10,19,5592.67,50,4,0.9692106711864679,Flexible,0
11,23,1000.92,24,5,0.7715286109012787,Flexible,0
12,11,7291.33,19,1,0.9619736933502774,Flexible,0
13,11,5519.72,60,3,0.38138190586397064,Flexible,0
14,24,4564.01,39,4,0.9034728161412224,Fixed,0
15,53,9113.67,74,1,0.8470319876508308,Fixed,0
16,36,3049.8,89,4,0.7417219299661391,Flexible,0
17,40,5283.66,18,3,0.7000233488681646,Fixed,0
18,24,7006.65,19,4,0.45323973221429603,Flexible,1
19,3,7985.07,36,5,0.8531286279720247,Fixed,0
20,22,4647.53,74,5,0.6012123691837871,Flexible,0
21,53,8436.71,97,4,0.2567132607130283,Flexible,0
22,2,7712.29,55,1,0.450290528684104,Flexible,0
23,24,755.74,69,1,0.9482376788362621,Fixed,0
24,44,554.03,47,1,0.880544208483877,Fixed,1
25,30,6245.98,49,4,0.9855245584612313,Flexible,0
26,38,3539.39,99,1,0.7023947060832785,Flexible,0
27,2,2170.39,98,3,0.39800805851232957,Fixed,0
28,21,5838.53,33,5,0.33025203974149103,Fixed,0
29,33,3481.48,21,3,0.3495315524867693,Fixed,0
30,12,5418.91,81,1,0.2158365266778035,Fixed,0
31,58,4655.18,22,3,0.5125456887887514,Fixed,0
32,22,5889.18,48,1,0.35314214439963404,Flexible,0
33,44,4062.97,37,4,0.5293243683653619,Fixed,0
34,25,7006.91,15,3,0.9479955454710123,Flexible,0
35,49,1882.67,35,4,0.544432167605752,Flexible,0
36,27,6995.36,92,4,0.9023875975878679,Fixed,0
37,59,4175.45,71,2,0.6844038132927013,Fixed,0
38,42,8755.74,32,1,0.39770524372911353,Flexible,0
39,28,5200.84,11,5,0.48468380740736916,Fixed,0
40,16,9733.79,10,1,0.2671356286571436,Flexible,0
41,15,6059.16,73,5,0.46677007487680844,Fixed,0
42,47,2316.11,78,1,0.7420327564028273,Fixed,0
43,51,8235.73,77,4,0.25768887434354815,Fixed,0
44,44,3516.32,57,3,0.3643211267824235,Flexible,1
45,55,3541.43,25,3,0.5051528331306492,Fixed,0
46,52,414.87,2,2,0.9856396296127701,Flexible,0
47,57,5532.28,64,5,0.8278894583671041,Fixed,0
48,3,5390.79,35,5,0.7867893971936832,Flexible,0
49,37,3624.32,7,5,0.2929527652203568,Fixed,0
50,51,8952.75,85,4,0.8247967148919932,Flexible,0
51,7,1374.61,18,5,0.8282150492128122,Flexible,0
52,21,3367.99,67,3,0.6808821564994627,Flexible,0
53,9,3283.67,42,4,0.9922894255986976,Flexible,0
54,39,1013.68,39,1,0.4602031247396416,Flexible,0
55,18,4863.34,41,5,0.9530179585934813,Flexible,0
56,4,6909.07,75,5,0.931784891965203,Fixed,0
57,25,5165.4,24,1,0.20918452779950228,Flexible,1
58,14,1654.08,60,5,0.5600932211798488,Flexible,0
59,50,3835.13,46,1,0.9816833864412586,Flexible,0
60,58,125.69,19,4,0.28249708992646066,Fixed,0
61,9,8696.18,68,3,0.6382277555066556,Fixed,0
62,26,936.72,90,1,0.9831660056328833,Fixed,0
63,53,6013.05,42,2,0.6443963392846881,Flexible,0
64,2,9863.94,32,1,0.35185224237772483,Fixed,0
65,20,5412.25,39,5,0.6657465840740718,Fixed,0
66,28,9248.01,36,4,0.3635524591596375,Flexible,0
67,47,2437.55,97,4,0.6157634103155873,Flexible,1
68,7,7623.56,36,1,0.25923377432987843,Fixed,0
69,44,5359.53,3,3,0.6843861353715237,Flexible,0
70,8,7233.11,73,2,0.6134319513025266,Flexible,0
71,47,717.18,8,4,0.7921290950091706,Flexible,0
72,35,1562.62,97,5,0.7045603769270281,Flexible,0
73,14,1417.86,70,5,0.6396850148246054,Fixed,0
74,17,6902.94,41,3,0.751823079398497,Flexible,0
75,36,8459.96,68,4,0.3151535308577847,Fixed,1
76,50,7521.2,13,1,0.6762877290068833,Fixed,1
77,40,401.67,49,5,0.3376884822582221,Fixed,1
78,4,8685.43,60,3,0.9404177662815048,Fixed,0
79,2,3606.05,2,4,0.2546672838764834,Flexible,0
80,6,4031.92,60,4,0.5442997997526346,Flexible,0
81,54,1138.2,5,4,0.7566379821243558,Flexible,0
82,42,7400.31,44,4,0.5664177693346071,Fixed,0
83,4,1904.61,27,4,0.2736762025863219,Fixed,0
84,54,5683.25,32,5,0.6427032129013659,Fixed,0
85,29,8423.03,21,3,0.7133055270618838,Flexible,0
86,18,983.12,8,4,0.7630338487924062,Fixed,0
87,26,5399.82,72,2,0.49860785157020715,Flexible,1
88,44,2408.84,50,2,0.6509279768230098,Flexible,0
89,34,3494.98,67,3,0.5605491799511305,Flexible,0
90,10,4792.3,44,1,0.7376448310018027,Flexible,0
91,36,3615.53,58,1,0.6668455738598549,Fixed,0
92,14,6523.35,3,1,0.620604975647308,Flexible,1
93,31,4847.86,86,2,0.39961949347059894,Fixed,0
94,48,5883.57,70,1,0.20161481419858715,Flexible,0
95,15,7394.54,2,5,0.33926534024914345,Fixed,0
96,8,5621.65,87,4,0.29365283313933493,Fixed,1
97,14,5906.7,44,2,0.5592677960087574,Flexible,0
98,23,5688.14,2,3,0.6898065206094757,Flexible,1
99,57,3849.85,81,3,0.37046800694784654,Flexible,0
100,40,3440.72,35,4,0.9512456767737498,Fixed,0
101,21,9006.51,98,2,0.20534570337911023,Flexible,0
102,16,6114.8,87,1,0.8178408121322744,Flexible,1
103,45,2519.1,30,1,0.7001638156243539,Fixed,0
104,18,5032.65,8,5,0.49884384083814554,Flexible,0
105,47,3370.45,22,5,0.24039115552992635,Fixed,0
106,53,9343.55,44,1,0.7019892574274236,Flexible,0
107,24,174.59,58,3,0.5084908102925185,Fixed,0
108,26,2330.79,36,3,0.9490137115305755,Fixed,1
109,25,3717.03,69,5,0.6335920599118128,Flexible,0
110,45,4929.32,77,4,0.9517212090348066,Fixed,0
111,41,8523.09,93,1,0.3763869547786433,Flexible,0
112,29,970.09,31,5,0.7805807282912827,Flexible,0
113,15,8078.06,47,5,0.6937992166789806,Fixed,0
114,45,650.97,55,1,0.7915265838650496,Flexible,0
115,1,8438.91,80,1,0.3717342911780295,Fixed,0
116,25,611.19,62,3,0.731995612990219,Fixed,0
117,7,280.6,30,4,0.5984323144454953,Fixed,0
118,9,6999.92,55,4,0.7942599799250532,Fixed,0
119,24,9972.83,16,1,0.46163571532145425,Fixed,0
120,1,8976.44,12,2,0.912045620372202,Fixed,1
121,44,5802.38,17,5,0.26744105168908033,Fixed,1
122,8,9182.22,16,5,0.8457514550329506,Fixed,1
123,24,152.47,12,1,0.8890557006520727,Flexible,0
124,11,9753.16,8,2,0.8538018490934569,Flexible,0
125,51,4958.41,84,3,0.6101811154094208,Fixed,0
126,17,7256.67,3,1,0.5507079840246091,Flexible,0
127,8,8226.53,16,1,0.9970098292199014,Flexible,0
128,35,7212.73,30,5,0.3833375609713297,Flexible,0
129,35,5396.86,23,1,0.6375007727008357,Flexible,0
130,33,4818.53,92,1,0.7365404203058605,Flexible,0
131,59,8401.97,5,1,0.7606941086891457,Flexible,1
132,5,2130.27,84,5,0.363219732590863,Fixed,0
133,42,9683.14,65,3,0.723195273871841,Flexible,1
134,39,7138.43,30,3,0.8546956531850698,Flexible,0
135,58,2075.12,21,1,0.24001486145688977,Flexible,0
136,41,7388.85,84,5,0.9292170346602533,Flexible,0
137,28,5345.42,70,3,0.22360324411616475,Fixed,0
138,7,7101.58,22,3,0.4847768259907155,Fixed,1
139,9,7701.02,82,3,0.21265055698636967,Fixed,1
140,8,964.17,72,5,0.2617161348316655,Fixed,0
141,12,5110.43,32,5,0.9289346281440634,Flexible,0
142,34,9326.94,33,1,0.48388866459691826,Fixed,1
143,33,3274.36,16,4,0.5398172243400423,Fixed,0
144,48,5979.44,76,3,0.3722755051060421,Fixed,1
145,55,3755.38,38,4,0.6776766161493759,Fixed,0
146,23,4597.25,98,5,0.6758425717422317,Flexible,0
147,24,5531.17,14,5,0.4977603134601754,Fixed,0
148,37,5534.33,36,5,0.46642789744431873,Flexible,0
149,35,2097.13,97,4,0.9079714465444704,Fixed,0
150,44,6877.26,23,5,0.5066273917137611,Flexible,0
151,40,969.89,66,1,0.5948007937235267,Flexible,0
152,22,1474.37,85,5,0.42664380993994455,Fixed,0
153,27,126.84,2,2,0.829415602685702,Fixed,0
154,35,1255.29,91,4,0.5179585255192733,Fixed,0
155,1,4784.35,73,2,0.6108888372354597,Fixed,0
156,35,6100.41,65,5,0.40268573604772917,Flexible,0
157,37,7963.47,75,1,0.9901276738730014,Flexible,0
158,47,1156.32,67,3,0.4331965927389783,Fixed,1
159,14,8522.2,52,5,0.8165940247244414,Fixed,1
160,3,7485.15,62,1,0.5419965202854073,Flexible,0
161,1,4144.33,23,4,0.36497392406731194,Fixed,0
162,5,9336.09,26,2,0.8397750111718889,Flexible,1
163,26,9910.2,68,2,0.46688543122323456,Fixed,1
164,55,2129.52,82,2,0.892154677918249,Flexible,0
165,14,3854.36,55,4,0.9322057479342585,Flexible,0
166,39,9271.85,6,1,0.8878590683130207,Flexible,0
167,27,7243.81,35,4,0.22800633184544453,Flexible,0
168,9,576.14,22,2,0.8298986760040845,Flexible,0
169,15,7836.99,43,5,0.5290715731993152,Fixed,0
170,15,8296.61,15,3,0.8989783361457802,Flexible,1
171,26,7529.97,86,4,0.7103634101477911,Fixed,1
172,42,8015.42,60,4,0.8669145073151667,Flexible,0
173,13,8268.81,12,1,0.5995454158934683,Flexible,0
174,51,1945.41,49,1,0.6280204036791464,Fixed,0
175,32,2433.35,42,4,0.31551010570693383,Fixed,1
176,39,6374.21,38,2,0.8271898869514844,Fixed,0
177,49,9087.87,82,3,0.5355116893335774,Fixed,0
178,52,3230.35,45,1,0.6000640946172662,Flexible,0
179,32,5924.24,35,2,0.8280781712765661,Fixed,0
180,4,6861.52,30,5,0.6790763200635512,Flexible,0
181,30,4574.29,88,1,0.360878981954134,Fixed,0
182,37,7166.45,30,2,0.6721861273207141,Fixed,0
183,23,9006.71,78,2,0.5261062863837247,Flexible,1
184,39,6278.61,6,3,0.5756204336350901,Flexible,1
185,45,5443.83,67,3,0.22264901952213423,Fixed,1
186,15,4443.57,80,5,0.3680234796130253,Flexible,0
187,43,5817.11,7,2,0.42483046510482264,Flexible,0
188,29,3618.09,52,2,0.7703680062870446,Flexible,0
189,36,3975.67,14,3,0.20919397863849226,Flexible,1
190,13,5365.39,73,1,0.5270218089833056,Flexible,0
191,32,759.53,15,1,0.9392214963405863,Flexible,0
192,7,2367.35,21,4,0.2895044932392991,Flexible,0
193,59,5474.21,35,3,0.6131395105748889,Flexible,0
194,51,4372.13,66,4,0.8292179059126776,Fixed,0
195,22,3394.88,91,3,0.9540250460160935,Flexible,0
196,28,7332.44,2,5,0.7974213116269744,Fixed,0
197,2,6967.8,35,2,0.776452438915525,Flexible,0
198,42,1750.63,82,5,0.8611904721566099,Flexible,1
199,45,8798.43,78,3,0.5569609767820349,Flexible,0
200,57,5004.69,20,2,0.8446756260942665,Flexible,0
201,53,7440.46,82,1,0.20637152379636092,Fixed,0
202,6,5774.19,10,1,0.9396488443014439,Fixed,1
203,28,9977.16,25,4,0.5546452076137403,Flexible,0
204,28,7548.79,66,3,0.6427041502925981,Fixed,1
205,44,7099.11,25,3,0.4039057991319059,Flexible,0
206,44,7807.86,54,1,0.7940246662723371,Flexible,1
207,20,1516.97,33,5,0.2613086451801991,Fixed,1
208,30,2124.99,36,2,0.8981086420374682,Fixed,0
209,11,7169.23,95,5,0.8624934632050743,Flexible,0
210,58,4990.42,14,5,0.3728480929958131,Flexible,0
211,55,7570.89,65,1,0.8474595186282099,Fixed,0
212,28,1118.87,80,1,0.8290861864491852,Flexible,0
213,25,5411.17,54,1,0.7057732782031592,Fixed,0
214,39,3850.33,52,4,0.49881614151975007,Flexible,0
215,33,4624.3,3,5,0.4171990033454943,Flexible,0
216,1,6079.18,99,3,0.38542687223148003,Fixed,0
217,57,5072.65,41,2,0.45488717021088576,Fixed,0
218,27,5444.62,6,4,0.9228467547460244,Fixed,0
219,57,4914.94,25,3,0.26211262079102504,Flexible,0
220,52,4148.66,13,5,0.863097021002367,Flexible,0
221,13,7741.63,98,1,0.47911206003345885,Flexible,0
222,41,220.81,8,5,0.6172795168090865,Flexible,1
223,3,6024.58,21,2,0.8355885069187925,Fixed,0
224,39,5698.53,98,4,0.9075012376183771,Flexible,0
225,6,7190.17,68,4,0.4758251360581176,Flexible,0
226,8,6030.39,25,2,0.5694747850200883,Flexible,1
227,27,8285.31,79,3,0.5316128518534338,Fixed,1
228,9,9594.84,68,3,0.21060082680312844,Flexible,1
229,37,3490.99,45,4,0.4367543110869253,Flexible,0
230,33,2350.77,60,4,0.5673513869860495,Fixed,0
231,51,4293.61,12,1,0.5288748871043518,Flexible,0
232,42,2950.5,32,3,0.7775433820125437,Flexible,0
233,44,6188.01,96,2,0.5078428937768826,Fixed,1
234,24,9127.34,92,3,0.5915011591765362,Flexible,0
235,15,1477.25,13,1,0.5436868737058906,Flexible,0
236,59,1097.87,31,4,0.7925009191154964,Flexible,0
237,54,2634.55,78,4,0.89037791918957,Fixed,1
238,32,7288.35,20,1,0.6255112632060114,Flexible,0
239,32,5970.33,18,2,0.8315457553561529,Flexible,0
240,24,1111.91,93,4,0.4374293456158805,Fixed,0
241,41,9195.63,60,5,0.633095688125815,Fixed,0
242,52,7921.84,63,4,0.476183962935978,Flexible,0
243,49,327.92,6,5,0.5313607404574643,Flexible,1
244,49,6548.54,32,1,0.785931091850135,Flexible,0
245,58,7735.34,93,1,0.9053299858661703,Flexible,0
246,52,3806.91,43,4,0.29719631287021236,Fixed,0
247,12,782.32,2,3,0.7077114051899045,Flexible,0
248,39,865.48,60,5,0.6657150460622387,Fixed,1
249,2,1132.04,23,2,0.29473203134074555,Fixed,0
250,3,8420.35,83,4,0.36951546435208726,Flexible,0
251,49,9115.79,31,2,0.4488019957861442,Flexible,1
252,37,1315.83,5,4,0.3335448566540012,Fixed,0
253,49,2435.47,83,3,0.3949835860194735,Fixed,0
254,56,1738.65,34,3,0.41408063908936604,Flexible,0
255,17,1944.58,10,3,0.4685390664312477,Fixed,0
256,59,8391.16,89,3,0.7995123622409273,Flexible,0
257,49,3388.25,2,1,0.6575297630804806,Flexible,0
258,2,3183.3,11,1,0.9889973375611212,Fixed,0
259,2,2351.22,50,5,0.5317886615739769,Fixed,0
260,28,6118.15,31,2,0.8030920590695401,Flexible,0
261,54,3855.13,56,4,0.8971747371012271,Fixed,0
262,23,7468.07,79,4,0.7431827944304337,Flexible,1
263,37,2135.24,73,1,0.5294917923339968,Flexible,0
264,32,7899.12,87,4,0.8028757045966024,Flexible,0
265,33,6076.84,83,1,0.3629337102181479,Fixed,0
266,1,1231.25,9,5,0.46204173214410593,Flexible,0
267,19,4203.6,99,2,0.637348204079431,Flexible,0
268,2,8648.83,21,5,0.6603275098289187,Flexible,0
269,53,9237.31,73,3,0.21771318037810358,Flexible,0
270,44,4710.43,28,3,0.956091351004807,Flexible,0
271,26,4860.29,62,3,0.7573018169739121,Flexible,0
272,32,9192.7,7,5,0.5965630001855129,Flexible,1
273,6,5911.98,80,4,0.9465017875266468,Flexible,1
274,32,425.18,16,2,0.5512764522006628,Flexible,0
275,55,9136.22,97,3,0.9843484562162974,Flexible,0
276,4,2557.44,4,3,0.6098278057947881,Flexible,0
277,55,5818.56,4,3,0.2914286159983836,Fixed,0
278,11,1738.58,40,2,0.8118407779674219,Flexible,0
279,56,435.4,17,3,0.7431181800622724,Flexible,1
280,59,3183.58,52,2,0.8183893770444695,Flexible,0
281,17,7826.91,93,3,0.9611536229805449,Fixed,0
282,38,2848.11,52,5,0.8211914421208146,Flexible,0
283,24,2278.96,36,5,0.6890692817733175,Fixed,0
284,5,2205.54,38,2,0.8858471218886728,Flexible,1
285,52,5200.22,50,5,0.7385971514836254,Flexible,0
286,34,9757.86,63,2,0.5264952454607386,Fixed,1
287,6,4643.99,63,5,0.9084958113934187,Flexible,0
288,22,5617.32,62,5,0.3775203686274983,Fixed,0
289,11,8620.26,99,2,0.7717130199269795,Fixed,1
290,48,5397.19,7,4,0.9052507639526055,Flexible,0
291,16,1926.18,27,5,0.7850532157626371,Flexible,1
292,33,3066.0,92,3,0.7578203352430857,Flexible,0
293,9,3168.38,86,4,0.802110635257469,Flexible,0
294,59,4033.45,14,2,0.5720441986405156,Fixed,1
295,6,4325.21,71,4,0.8993365457256208,Fixed,0
296,16,8017.84,86,1,0.36274918010887297,Flexible,1
297,29,3558.93,5,1,0.30190913280027143,Fixed,1
298,3,4735.5,55,5,0.42840702409480924,Fixed,0
299,20,6287.26,2,5,0.6252619174199945,Flexible,0
300,59,3839.49,62,3,0.6084494363274705,Fixed,0
301,36,8381.99,91,4,0.8564790061412693,Fixed,0
302,19,5915.79,21,1,0.5236549251232139,Flexible,0
303,26,3011.04,79,5,0.5874755410332069,Fixed,0
304,3,7169.19,21,4,0.2106941466075165,Flexible,0
305,19,5323.71,10,5,0.5277913891543513,Fixed,0
306,20,5391.11,87,5,0.7182193863602737,Flexible,1
307,32,4862.77,58,1,0.21240666450127377,Fixed,1
308,7,5020.42,39,1,0.424705572148995,Fixed,0
309,52,7677.03,5,5,0.36636508743151197,Flexible,0
310,41,1119.52,65,2,0.2335883431276706,Flexible,1
311,33,3410.19,13,5,0.58340807193163,Flexible,0
312,40,847.48,85,5,0.3453786345825252,Flexible,0
313,39,7557.14,90,3,0.7944652317051042,Fixed,1
314,18,2795.79,85,3,0.8783423070106788,Fixed,0
315,40,8984.56,53,3,0.6364681461353183,Fixed,0
316,1,5313.13,82,2,0.9853658740169133,Flexible,1
317,11,8027.42,45,2,0.5603828571764763,Fixed,1
318,28,9791.42,32,5,0.6106945681799325,Fixed,0
319,57,8413.91,36,3,0.9913742031662001,Flexible,0
320,25,8683.24,81,2,0.38523874877203906,Flexible,0
321,50,4139.05,99,1,0.9540367517415242,Fixed,0
322,23,5562.05,60,5,0.23427004409529062,Flexible,0
323,31,2613.5,11,4,0.5571095122105558,Fixed,0
324,30,2041.52,63,5,0.2560028097064526,Fixed,1
325,42,5104.53,21,4,0.7833877943309144,Flexible,0
326,35,5990.98,52,3,0.6867271487040143,Fixed,0
327,7,3458.79,55,4,0.7653074107740772,Flexible,0
328,16,5737.49,26,3,0.4995843199744136,Flexible,0
329,26,8885.86,68,1,0.4955855472251043,Fixed,0
330,48,5611.54,34,4,0.2362554231687157,Fixed,0
331,57,7236.05,52,5,0.47995595162371185,Fixed,0
332,52,8072.62,82,3,0.9434307218096476,Flexible,0
333,49,9888.41,99,5,0.5033812297443592,Fixed,0
334,2,6071.65,93,2,0.8650941649775761,Flexible,1
335,1,8087.82,52,3,0.8738604037999473,Flexible,0
336,48,9630.23,29,4,0.4985929251033871,Fixed,0
337,12,9449.66,38,3,0.7055909443169512,Flexible,1
338,5,1496.71,42,5,0.2762972818184469,Fixed,1
339,37,4123.28,21,1,0.28294286458742124,Fixed,0
340,32,3307.5,42,3,0.23892613092937065,Fixed,0
341,59,960.56,13,4,0.6648120747000876,Fixed,1
342,55,6369.08,64,2,0.5408567821008776,Fixed,1
343,9,7385.46,17,1,0.6384258853313921,Fixed,0
344,41,8496.47,9,2,0.6168585524067103,Fixed,0
345,35,1315.49,41,3,0.4801623928725842,Flexible,0
346,19,8776.8,1,5,0.7419787318587783,Fixed,0
347,48,6464.96,2,5,0.8068015047331125,Flexible,0
348,16,7069.07,60,4,0.2117026071021406,Flexible,0
349,3,9115.18,48,5,0.36579383981510266,Flexible,1
350,20,6285.14,29,1,0.7705886944666696,Fixed,0
351,24,3425.07,97,5,0.5092961381070673,Flexible,0
352,54,8268.56,10,4,0.7299871575532866,Flexible,0
353,56,3694.29,58,3,0.47757012778764674,Fixed,0
354,33,438.86,60,3,0.5126041218637096,Fixed,0
355,24,8323.48,21,5,0.32694309895174795,Flexible,0
356,52,3517.4,28,2,0.40658481573292804,Fixed,0
357,11,7760.96,75,3,0.6843294060060698,Fixed,0
358,49,3691.3,34,5,0.5465304890521332,Fixed,1
359,8,8624.57,8,4,0.8194421463556762,Fixed,0
360,36,2273.15,59,5,0.8820679639506743,Flexible,0
361,38,9748.02,86,3,0.6333171345734079,Fixed,1
362,40,7819.61,72,4,0.8066138336448474,Fixed,0
363,20,1230.96,49,5,0.44552361055565604,Fixed,0
364,35,5701.19,79,1,0.5319769723200626,Flexible,1
365,48,9855.14,17,4,0.7702221409734649,Flexible,0
366,25,4763.55,60,1,0.5089695942536245,Fixed,0
367,35,1902.86,87,2,0.670803948127191,Fixed,0
368,25,4899.31,88,4,0.34829822326600923,Flexible,1
369,29,5173.33,45,1,0.6798170519763984,Fixed,0
370,18,7442.7,83,3,0.8892109657815148,Fixed,0
371,46,7018.57,69,3,0.8949117118587406,Flexible,0
372,18,4085.25,32,2,0.7794755250636318,Fixed,0
373,2,2258.43,44,4,0.7966027032609009,Fixed,0
374,54,6486.04,65,4,0.6463419561205606,Flexible,0
375,35,4274.87,87,4,0.6677344721326599,Flexible,0
376,16,1409.53,8,2,0.3069204651284144,Fixed,0
377,41,9015.67,77,4,0.5550873507370409,Flexible,0
378,36,6943.1,72,3,0.560621027109091,Fixed,0
379,33,6863.52,87,1,0.9667982685341923,Fixed,1
380,4,8243.58,43,3,0.5448694900986315,Fixed,0
381,33,5343.65,1,3,0.6394741159222062,Flexible,1
382,14,8169.04,51,1,0.626601119423282,Flexible,1
383,21,5031.1,24,3,0.7094093736354619,Fixed,0
384,48,765.04,99,2,0.7985862650655167,Fixed,0
385,20,4111.96,24,1,0.38003350093669774,Flexible,1
386,56,5024.9,17,3,0.6229795352787486,Flexible,0
387,8,7230.01,5,5,0.8607341658528245,Flexible,1
388,7,1155.13,20,3,0.5704917710700093,Fixed,0
389,3,1486.18,21,2,0.4227660370988584,Flexible,0
390,17,2710.47,58,4,0.7237672602850393,Flexible,0
391,33,2738.33,31,3,0.8590139166392985,Fixed,0
392,48,7348.63,11,4,0.25051223434191305,Fixed,1
393,12,2582.23,52,5,0.8214323867257818,Fixed,0
394,59,6367.67,15,3,0.857318346369417,Flexible,0
395,51,4993.31,83,1,0.5692183420708854,Fixed,1
396,22,5775.61,7,4,0.986644525454774,Fixed,0
397,55,8397.26,28,5,0.8293666725658473,Fixed,0
398,22,4103.38,51,1,0.8189300519165326,Fixed,0
399,46,7732.02,58,1,0.7982708595296575,Flexible,0
400,30,4278.16,5,1,0.3204864825746192,Fixed,0
401,38,3603.33,5,1,0.3737847091624087,Flexible,0
402,38,9590.41,94,3,0.5711921051715401,Flexible,0
403,45,1925.27,96,3,0.4112034799675727,Flexible,0
404,51,994.34,8,3,0.5321927778672324,Fixed,0
405,54,7732.76,64,5,0.9107712879383365,Flexible,0
406,8,775.67,10,5,0.8594615135034154,Fixed,0
407,27,8387.08,38,5,0.7040319027839859,Fixed,0
408,27,4428.21,96,2,0.8864963154008829,Fixed,0
409,34,9163.59,92,5,0.8270179112137994,Flexible,0
410,21,7243.18,81,3,0.5431879454727124,Fixed,1
411,30,6143.01,95,3,0.3608521216399561,Fixed,0
412,33,9498.14,8,2,0.6113608320074714,Fixed,0
413,28,4026.83,25,2,0.78898310602284,Flexible,0
414,47,9545.46,73,5,0.5491356789836744,Flexible,0
415,33,1436.51,66,4,0.7334175278271178,Flexible,0
416,5,4889.17,79,2,0.27546194103283494,Fixed,0
417,48,2772.12,50,1,0.7984037890971227,Flexible,0
418,19,5444.44,67,3,0.8501708959144496,Fixed,0
419,4,1703.94,49,1,0.765470284624433,Fixed,1
420,35,8431.14,36,3,0.9738108700210926,Flexible,0
421,49,8479.44,68,3,0.8613216459685125,Fixed,0
422,17,9556.84,78,2,0.9224749823012306,Flexible,1
423,44,1631.25,41,2,0.9468568667661186,Fixed,0
424,28,6270.99,89,1,0.8410783934990469,Flexible,0
425,30,4794.95,62,3,0.7394070736051994,Fixed,0
426,29,3509.4,10,1,0.20457486508863143,Fixed,0
427,46,3580.25,21,4,0.5726606025784997,Fixed,0
428,53,4186.66,36,1,0.6569298388978888,Fixed,0
429,6,7078.76,12,5,0.4432242179583997,Fixed,0
430,35,6023.03,91,1,0.4544835575227777,Flexible,0
431,41,4650.85,2,5,0.9689275325681321,Fixed,0
432,37,851.74,13,5,0.9133686921621968,Flexible,1
433,24,869.88,53,5,0.8793432044013634,Flexible,0
434,29,123.16,32,4,0.5248094413648885,Flexible,0
435,49,9680.22,95,1,0.21095884032713164,Fixed,0
436,46,152.01,16,1,0.2641777971645713,Fixed,0
437,53,1120.63,32,4,0.44975709457408297,Fixed,1
438,31,3214.51,32,3,0.2125943303965416,Flexible,0
439,35,8093.56,98,2,0.2137198255321585,Fixed,0
440,33,9624.78,11,1,0.9332826413139288,Fixed,0
441,52,7921.13,10,2,0.7649268016952433,Flexible,0
442,21,6936.55,15,4,0.44716479205452214,Flexible,0
443,32,5260.88,17,3,0.3061156620807626,Flexible,0
444,23,958.38,40,3,0.6093085743160618,Flexible,0
445,33,9585.89,18,3,0.20427692868349157,Flexible,0
446,3,7608.08,55,4,0.9507309950865153,Flexible,0
447,18,6425.6,73,5,0.5318520955111579,Fixed,1
448,25,7614.45,25,5,0.5218679641898663,Flexible,0
449,42,7268.62,59,2,0.5124748860654258,Fixed,0
450,31,6408.59,78,5,0.2554626643102118,Fixed,0
451,54,9807.71,89,5,0.7106577918334613,Fixed,0
452,58,9043.3,22,3,0.7864028957026827,Flexible,0
453,3,6501.98,30,3,0.7409003180706322,Fixed,1
454,40,6962.43,84,2,0.31074839466351545,Flexible,0
455,46,610.8,85,1,0.663072134428474,Flexible,1
456,24,6732.18,44,2,0.6555875873378031,Fixed,0
457,50,537.24,32,2,0.8947286303531057,Flexible,0
458,32,5923.81,51,4,0.5033021267005175,Fixed,0
459,47,9993.6,46,4,0.4971887549275474,Fixed,0
460,22,5602.49,21,2,0.6948216469745485,Flexible,0
461,23,4784.78,99,2,0.7064581227996105,Fixed,0
462,2,3197.26,32,2,0.5754281818606324,Fixed,1
463,27,1293.17,94,5,0.5544474898643369,Fixed,1
464,42,7337.13,39,4,0.5953181365103062,Flexible,0
465,2,2006.73,12,2,0.8888362396026495,Fixed,0
466,26,1241.29,47,3,0.5689335210031281,Flexible,0
467,17,4275.45,18,3,0.9519454335758579,Flexible,0
468,40,7973.88,21,5,0.6032030108770609,Fixed,0
469,33,7476.14,13,5,0.9593605545447133,Fixed,0
470,9,643.34,21,1,0.8662655214952606,Flexible,0
471,43,4605.92,8,1,0.4899450580926633,Flexible,0
472,54,5272.1,46,1,0.8909131370372929,Fixed,0
473,48,6481.01,7,5,0.2880506273608922,Fixed,0
474,39,6536.66,23,5,0.9400377402744116,Flexible,0
475,29,3710.5,96,5,0.7053148120663133,Flexible,0
476,42,5650.7,75,3,0.24351259881784895,Flexible,0
477,55,4862.51,86,5,0.7154053789206494,Flexible,0
478,26,8861.48,22,3,0.9793981233158049,Flexible,0
479,35,5349.62,89,1,0.2558405236917032,Fixed,0
480,50,4466.22,22,1,0.6437501678240691,Flexible,0
481,25,4104.41,92,1,0.798235479807498,Flexible,0
482,24,5767.03,29,2,0.8482068693596252,Fixed,0
483,13,8059.37,13,2,0.5310619722566368,Fixed,0
484,58,5430.17,82,4,0.36333324733459443,Flexible,0
485,7,6650.39,2,4,0.23387382301790707,Flexible,0
486,57,7404.77,29,4,0.6637809256777798,Fixed,0
487,36,5249.66,85,2,0.5623288562140887,Flexible,0
488,45,4325.49,79,2,0.9589955161197687,Flexible,0
489,20,8778.99,52,4,0.24848392617192783,Fixed,1
490,1,4233.31,27,4,0.7483162747568046,Flexible,0
491,8,4673.23,50,5,0.21997297769604574,Fixed,1
492,46,9904.38,95,4,0.33714734136843416,Fixed,0
493,16,102.35,79,5,0.5628631999382674,Fixed,0
494,14,1936.18,23,3,0.5638979542422946,Fixed,0
495,12,3901.24,88,2,0.7485604343469152,Flexible,0
496,51,9332.64,44,4,0.9281704278942053,Fixed,0
497,23,793.29,77,2,0.7112257271319367,Flexible,0
498,15,193.91,22,2,0.9628280782812071,Flexible,0
499,28,621.57,43,2,0.9052925119023982,Flexible,0
500,34,976.58,37,3,0.6675998364246323,Flexible,0
501,2,472.21,61,1,0.8670335607350619,Flexible,0
502,32,4849.84,97,4,0.7140620882589073,Fixed,0
503,23,5849.5,56,1,0.26284626473898176,Fixed,0
504,22,2789.7,3,1,0.792451778607608,Fixed,0
505,51,4043.05,63,1,0.275926753013877,Fixed,1
506,25,1007.82,19,2,0.6752662244557699,Flexible,1
507,58,3430.07,23,5,0.7621121646865832,Fixed,0
508,22,5272.94,29,2,0.2532220865686842,Flexible,0
509,58,7349.49,30,2,0.3846357231412254,Flexible,1
510,58,133.13,39,1,0.93253778580932,Fixed,0
511,22,4726.38,25,2,0.6930515937863171,Fixed,0
512,49,3040.33,8,1,0.3970288150484253,Fixed,1
513,52,8542.94,58,5,0.7525438169184053,Fixed,0
514,42,7183.98,16,4,0.6774211359693517,Flexible,0
515,6,5932.17,72,1,0.6012605599343588,Flexible,0
516,15,2844.93,1,5,0.9809495799904671,Fixed,0
517,54,9112.36,5,4,0.7467630219260071,Flexible,1
518,43,546.5,3,3,0.5003528877343302,Flexible,0
519,37,1183.73,65,1,0.8400587456614945,Flexible,0
520,33,3977.14,4,1,0.9076666343369502,Fixed,0
521,8,1331.93,99,3,0.3001764476134652,Flexible,0
522,53,9568.52,96,3,0.3604423822762132,Fixed,0
523,44,8000.09,64,1,0.3729816073022238,Fixed,0
524,44,2663.93,98,3,0.7529694475092323,Flexible,1
525,5,5926.69,89,2,0.6824316440426267,Flexible,0
526,39,9825.07,10,4,0.6951932517588706,Fixed,0
527,4,8853.57,21,4,0.9526186397516008,Flexible,0
528,6,6047.9,46,4,0.8207292262458448,Flexible,0
529,45,9046.87,91,2,0.30234953960942657,Fixed,1
530,32,9892.93,27,3,0.4780056659401448,Fixed,0
531,52,7459.19,66,5,0.5483149169405885,Fixed,0
532,30,743.37,41,3,0.516769270998084,Fixed,0
533,47,4075.64,13,1,0.7354468873295035,Flexible,0
534,35,8394.47,9,4,0.9135144826052501,Flexible,0
535,55,2382.64,36,3,0.44484117081823044,Fixed,0
536,40,8323.36,86,5,0.6415017091369486,Fixed,0
537,52,1291.35,90,1,0.8315275375308686,Fixed,1
538,16,564.76,58,2,0.5329744470762795,Flexible,0
539,13,3902.5,54,2,0.3344945027194367,Fixed,1
540,50,463.65,12,5,0.5799607722109986,Flexible,0
541,42,9576.98,81,1,0.2441780165944228,Fixed,0
542,30,8279.44,78,4,0.9539067632018214,Fixed,0
543,19,8027.62,14,3,0.2598569641559785,Fixed,0
544,17,6334.8,34,1,0.5507653722004626,Flexible,0
545,56,2241.61,53,2,0.6239050088708209,Flexible,0
546,19,5230.78,20,5,0.9882430658298285,Flexible,0
547,28,6013.01,75,5,0.3328174589142886,Fixed,1
548,58,5297.81,16,3,0.2915452148898869,Flexible,0
549,55,2676.31,95,5,0.20696491765003489,Flexible,0
550,26,5200.95,70,5,0.32445714949544185,Fixed,1
551,37,4962.74,56,1,0.3658183832541341,Fixed,0
552,26,9963.72,83,4,0.7044647532664738,Flexible,0
553,53,8984.62,58,3,0.3757654323131203,Flexible,0
554,23,4687.47,4,1,0.21641665178346017,Flexible,0
555,9,6267.08,4,4,0.8612946764019911,Flexible,0
556,12,7503.93,20,1,0.4924765608031734,Fixed,1
557,53,445.17,10,1,0.48295734926458717,Fixed,0
558,1,8959.72,24,5,0.44198322333434126,Fixed,0
559,58,8615.26,99,4,0.9802986217171368,Flexible,0
560,58,4628.58,26,3,0.3360923338474252,Flexible,0
561,1,3972.58,37,3,0.9185904511625882,Fixed,0
562,47,2802.3,85,4,0.8214426657119105,Fixed,0
563,34,4819.1,54,5,0.26118396439945046,Flexible,0
564,32,539.33,21,2,0.9893832812006791,Flexible,0
565,54,8536.72,74,1,0.41709277083120844,Fixed,0
566,48,450.68,38,5,0.2788663416179299,Fixed,0
567,25,3357.61,46,4,0.8634513873006076,Fixed,0
568,40,9322.74,4,1,0.76534042694216,Flexible,0
569,45,7378.61,60,3,0.6937750447023207,Flexible,0
570,53,2885.77,57,2,0.3247846909591465,Flexible,1
571,1,2601.23,45,3,0.5827968930047696,Flexible,0
572,16,150.31,20,4,0.824444821509771,Flexible,0
573,39,6987.57,17,1,0.4428991505150722,Flexible,0
574,5,582.96,71,4,0.4493518628120332,Fixed,0
575,22,5372.76,4,1,0.2025127248384977,Fixed,1
576,29,9625.01,93,5,0.33939472131630366,Flexible,0
577,55,1183.74,14,2,0.9003245000974676,Fixed,1
578,3,8955.35,3,5,0.5533971933101657,Flexible,0
579,12,9915.61,88,5,0.9873875993875472,Fixed,0
580,26,709.02,80,4,0.516566370859034,Flexible,1
581,16,8840.77,58,2,0.7721491638241931,Fixed,0
582,51,5209.18,55,1,0.4255352343237833,Fixed,0
583,37,9074.49,4,1,0.49104771291274685,Flexible,0
584,22,5756.06,24,3,0.35258079007271576,Flexible,1
585,57,6654.91,34,1,0.47764989479951603,Fixed,1
586,29,5483.41,30,4,0.6377900163365144,Fixed,0
587,14,8658.48,82,5,0.9934183047833995,Flexible,1
588,28,7365.71,19,5,0.7313613704574287,Fixed,0
589,5,5260.48,31,5,0.3593967635266513,Flexible,0
590,47,8694.79,60,2,0.23596915327324092,Flexible,0
591,49,2528.33,60,1,0.30108518505160853,Fixed,0
592,30,1657.67,19,4,0.650044161018438,Flexible,0
593,46,1687.96,49,2,0.812128263053413,Fixed,0
594,52,3406.69,63,3,0.9523353658405975,Fixed,0
595,5,2463.03,83,4,0.21265853759745668,Flexible,0
596,12,9307.89,22,4,0.6182081132494959,Fixed,0
597,16,1147.76,24,4,0.5766938849785415,Flexible,0
598,26,7020.01,76,5,0.7248440175805633,Flexible,0
599,26,1973.29,30,4,0.6476630835722736,Flexible,0
600,48,8828.21,58,1,0.7496313204659846,Fixed,0
601,21,9617.02,31,4,0.7264660677993524,Flexible,0
602,39,4708.15,64,5,0.293609379886357,Fixed,1
603,36,8802.81,19,4,0.8397743308949757,Flexible,0
604,33,150.94,48,3,0.2985860605730599,Flexible,0
605,30,8217.47,45,3,0.7588245001673097,Flexible,1
606,37,2363.39,94,5,0.5329162941124854,Fixed,0
607,23,9096.14,55,1,0.6110805876612784,Fixed,1
608,58,111.09,55,1,0.9226384115005686,Flexible,0
609,10,5606.2,97,2,0.9119069811787892,Flexible,0
610,54,7590.69,18,5,0.8542850445240238,Fixed,0
611,5,2661.01,63,4,0.6081187043650587,Fixed,0
612,36,2012.02,92,5,0.7889918481070666,Fixed,0
613,34,932.57,47,2,0.6103176444150475,Flexible,0
614,52,3331.69,75,5,0.895684865979822,Fixed,0
615,31,5642.46,57,5,0.5222206665863199,Flexible,1
616,10,1246.85,45,2,0.9761882755319016,Fixed,0
617,58,3829.28,33,1,0.945858206583102,Flexible,0
618,19,189.82,17,4,0.7932820955614284,Flexible,0
619,58,8204.93,70,2,0.42353270734085763,Flexible,0
620,32,1371.64,4,3,0.30532287103460676,Fixed,1
621,1,2905.1,20,1,0.8837627600745581,Fixed,0
622,56,282.43,47,3,0.332241828910369,Fixed,0
623,5,4379.18,91,1,0.8834086311978686,Flexible,0
624,45,8417.2,15,4,0.5926120053698885,Flexible,0
625,4,3982.3,70,4,0.5252454270464835,Fixed,1
626,16,1877.02,47,5,0.9225526230675434,Flexible,0
627,24,7561.62,78,3,0.6830807860322223,Flexible,0
628,16,7909.19,75,1,0.6612912057037743,Flexible,1
629,55,1820.16,9,4,0.6470127556995182,Fixed,1
630,2,7731.46,90,2,0.49693561281562515,Flexible,0
631,49,9478.25,16,4,0.8285144828233018,Fixed,0
632,28,1747.14,69,2,0.4022387552126184,Fixed,0
633,32,7732.74,61,1,0.9511159680330201,Fixed,0
634,27,7114.86,10,4,0.9151881640375688,Fixed,1
635,20,4788.38,50,4,0.46998426053991854,Fixed,0
636,24,673.41,3,1,0.7835710158653311,Flexible,0
637,12,839.47,77,4,0.6585785555596733,Fixed,0
638,50,8538.91,94,2,0.4701194415993877,Fixed,0
639,35,9902.47,70,4,0.9908173183963573,Fixed,0
640,33,6792.92,81,3,0.22018987667861137,Flexible,0
641,33,4514.99,51,5,0.40211682449702935,Flexible,0
642,51,6510.98,19,2,0.6160592488889203,Flexible,0
643,43,5984.52,42,3,0.6175624027828511,Flexible,0
644,37,3897.76,35,1,0.6711464599564514,Fixed,0
645,12,749.7,46,2,0.8013409376183354,Fixed,0
646,3,8232.98,26,5,0.6987822644154371,Flexible,0
647,1,3781.15,69,5,0.6802251684224296,Flexible,0
648,33,8205.98,93,1,0.24281157033043466,Flexible,0
649,40,2599.84,64,1,0.5012242302314387,Flexible,0
650,10,110.19,37,2,0.3856445917609248,Fixed,0
651,43,1673.49,84,4,0.41229608928158035,Flexible,0
652,44,4738.54,49,1,0.6434699794722759,Flexible,1
653,29,9448.61,21,4,0.3596042519436868,Flexible,0
654,13,1111.72,74,3,0.43515928081351807,Flexible,0
655,12,8556.68,64,5,0.3896677668138721,Flexible,1
656,31,5317.54,5,4,0.9588023545745559,Flexible,0
657,46,8276.62,70,5,0.9557325857368761,Flexible,0
658,2,3053.91,90,4,0.6879532468768415,Fixed,0
659,51,8415.48,4,3,0.93961797498552,Fixed,1
660,50,7750.95,39,1,0.8286501163746987,Fixed,0
661,35,2377.53,35,3,0.671958306241447,Fixed,0
662,23,1400.22,1,1,0.2051481691974366,Fixed,0
663,17,8693.74,24,1,0.8180130288635232,Fixed,1
664,26,9636.04,57,5,0.7619906732707751,Flexible,0
665,8,409.89,70,3,0.6922029226259312,Flexible,0
666,29,7339.57,41,4,0.8083394493459775,Fixed,0
667,26,9104.29,54,3,0.6103377318198127,Flexible,0
668,10,8587.86,46,5,0.7632666170570712,Fixed,0
669,26,9648.75,60,1,0.9481376693811947,Flexible,0
670,34,7624.93,60,5,0.500644012676869,Flexible,1
671,51,4478.76,57,2,0.7664974679205003,Flexible,0
672,41,3188.32,31,2,0.5805502544087671,Flexible,0
673,7,3275.35,84,4,0.7395197214511853,Flexible,0
674,4,7271.78,24,5,0.8103146684434914,Flexible,0
675,58,7483.79,89,4,0.23636200034863677,Fixed,0
676,53,2083.56,36,4,0.7172803551589295,Fixed,0
677,50,8694.42,85,2,0.3813929475255557,Flexible,0
678,45,7177.75,30,4,0.7360260302460535,Fixed,0
679,11,5671.23,24,2,0.5746641487470507,Flexible,0
680,29,4768.17,30,1,0.8188421934919099,Fixed,1
681,56,5478.0,86,5,0.2987206521644772,Flexible,1
682,36,1676.53,92,4,0.7010578813249562,Fixed,0
683,25,2116.64,7,2,0.42277658314204186,Flexible,0
684,21,1002.53,35,3,0.8823855962644733,Fixed,0
685,57,1621.21,55,4,0.9427068045090461,Flexible,1
686,36,4591.57,92,1,0.9971186349432444,Fixed,0
687,10,5350.51,14,1,0.8368059219418267,Flexible,1
688,37,276.83,10,3,0.8029872563424036,Flexible,0
689,9,7988.3,80,2,0.3724006070940409,Flexible,1
690,24,3012.26,16,4,0.468805647192087,Fixed,1
691,35,9127.18,54,2,0.5725460334098236,Fixed,1
692,49,9678.36,95,1,0.8187048382257998,Fixed,0
693,35,1936.04,89,2,0.931972692062375,Flexible,0
694,48,4674.76,77,1,0.35131128001838774,Fixed,0
695,36,112.2,70,2,0.9378939877360823,Flexible,0
696,18,6023.44,44,3,0.7564997218832465,Fixed,0
697,49,6112.33,73,5,0.688616584548031,Fixed,0
698,39,2550.65,45,3,0.35987301702555163,Fixed,0
699,32,5628.29,56,3,0.24442002624732045,Fixed,0
700,24,2332.85,84,5,0.6547719188063519,Flexible,0
701,23,1692.17,82,5,0.7212125466631141,Fixed,0
702,32,6550.04,57,4,0.36862515948375063,Fixed,1
703,37,3326.66,21,4,0.6451649646603652,Flexible,0
704,12,5943.61,68,3,0.8851947222100589,Flexible,0
705,49,4389.14,50,3,0.8680527563640161,Fixed,0
706,55,9845.08,33,1,0.9418841444690378,Fixed,1
707,13,1580.85,91,1,0.49270864764550437,Flexible,0
708,23,4699.53,7,4,0.454439658040735,Flexible,0
709,25,6836.52,70,4,0.7995408047846471,Flexible,0
710,35,4015.9,15,1,0.544889924077604,Fixed,0
711,41,9749.53,82,1,0.2700389312222245,Fixed,0
712,30,7246.69,32,2,0.4262409045363998,Fixed,1
713,17,6604.14,75,2,0.5348658284251913,Flexible,1
714,49,7594.89,20,1,0.43401314038100164,Flexible,0
715,20,9531.22,88,2,0.4657644567578573,Flexible,0
716,48,9087.4,15,5,0.4350207249395126,Fixed,0
717,25,7270.42,48,4,0.23319933374646357,Flexible,0
718,22,7516.7,71,4,0.7096757606595541,Fixed,0
719,13,1544.63,21,1,0.6778339362827754,Flexible,0
720,59,1117.64,42,3,0.7227067987829445,Fixed,1
721,19,5751.95,26,1,0.353847916826902,Fixed,1
722,49,281.84,14,2,0.4365236332899882,Flexible,0
723,36,4875.33,57,3,0.6956927415559379,Fixed,0
724,12,2182.46,37,2,0.6797020547679371,Flexible,0
725,41,3525.56,58,5,0.6050642474834143,Fixed,0
726,19,7780.47,21,2,0.48033060000815797,Flexible,0
727,12,9418.25,82,5,0.9303448038197519,Flexible,0
728,9,816.92,69,5,0.471816193839075,Fixed,1
729,7,5389.0,3,2,0.5644953251498013,Flexible,0
730,28,8837.08,87,2,0.7424910647633671,Fixed,0
731,14,916.83,90,5,0.6344171446934113,Flexible,0
732,31,8262.69,37,3,0.47750878109150846,Flexible,0
733,52,3642.23,88,5,0.548515832365208,Flexible,0
734,19,3288.74,49,4,0.8355846542828049,Flexible,0
735,58,9776.92,19,5,0.42250332438928995,Fixed,0
736,47,2088.5,89,3,0.31380419182145236,Flexible,0
737,16,6962.62,85,4,0.4505305614638217,Flexible,0
738,53,8232.26,12,1,0.8796273723903212,Fixed,1
739,5,507.72,61,1,0.27119177188507737,Fixed,0
740,35,6736.82,41,3,0.9933568586979615,Fixed,0
741,12,9520.34,33,5,0.63280231914213,Fixed,0
742,25,1329.78,50,2,0.9878765951736752,Fixed,0
743,52,8972.59,68,3,0.951197137668782,Fixed,0
744,59,5988.29,71,4,0.5622509713687334,Flexible,1
745,21,6204.39,86,4,0.3587928596842793,Fixed,1
746,36,6168.15,33,1,0.33190782125211077,Flexible,0
747,53,3058.48,81,4,0.39199149109596604,Fixed,0
748,23,9358.5,24,3,0.76810611245163,Flexible,0
749,16,9478.77,61,4,0.4183599957851903,Flexible,0
750,57,6290.52,61,3,0.47314021568343867,Flexible,0
751,39,7855.88,98,2,0.5590230431956918,Fixed,0
752,45,6161.35,28,1,0.930586144337165,Fixed,0
753,53,4895.54,58,4,0.3515147343078769,Fixed,0
754,42,6642.12,43,3,0.2040212420878425,Fixed,0
755,58,5574.71,41,5,0.24807712830253614,Flexible,1
756,39,6015.01,39,1,0.9238130733440943,Fixed,0
757,14,7859.94,86,2,0.7180131718746905,Flexible,0
758,31,4860.95,49,3,0.4184324954622454,Flexible,0
759,58,503.47,17,2,0.3417540008089529,Fixed,0
760,5,1723.59,98,2,0.4354133893096915,Fixed,0
761,35,4442.21,70,4,0.2918375418010241,Fixed,0
762,23,7275.78,70,4,0.9532263282275528,Flexible,1
763,29,5973.46,98,3,0.8273649394922136,Fixed,0
764,43,6537.91,65,5,0.5699129415300326,Flexible,0
765,11,4844.86,74,3,0.8919700840921616,Fixed,0
766,18,6195.85,85,5,0.39956656343458585,Flexible,0
767,47,3357.27,5,2,0.773696454777755,Fixed,0
768,12,4754.81,2,1,0.8849059992109949,Fixed,1
769,9,7468.36,22,3,0.4854149692986181,Flexible,0
770,10,8731.14,57,3,0.8059715563605743,Fixed,0
771,58,4393.19,66,5,0.4360578794114475,Fixed,0
772,44,532.25,74,2,0.43908570820722465,Fixed,0
773,17,1700.56,98,2,0.28564574284334887,Fixed,1
774,38,306.53,16,5,0.552046437207519,Fixed,1
775,7,6567.3,51,2,0.7837695251979377,Fixed,0
776,46,3389.91,39,4,0.9521766444570281,Fixed,0
777,13,5470.54,86,1,0.6830375935432769,Flexible,0
778,40,4983.44,76,3,0.8905084301885913,Flexible,0
779,42,907.11,88,1,0.8579957194321817,Fixed,1
780,9,4092.29,40,3,0.3386744423802247,Fixed,0
781,50,2283.56,38,4,0.5886539431301052,Fixed,0
782,27,4242.16,60,2,0.2935388284203132,Flexible,0
783,58,2115.42,59,5,0.7457225292493079,Flexible,1
784,2,8420.48,10,4,0.9599197345968609,Fixed,0
785,5,1824.51,99,1,0.3096715664630052,Flexible,0
786,29,9611.73,64,5,0.7871065046420331,Fixed,0
787,37,4217.48,63,2,0.7057905206942887,Fixed,1
788,38,8477.83,49,4,0.6668840296064797,Fixed,0
789,19,6324.77,64,5,0.5120961877506713,Fixed,0
790,8,7379.97,32,4,0.4841053182030501,Flexible,0
791,48,7700.47,7,4,0.2361993512151103,Flexible,0
792,45,5097.96,21,2,0.3743269666016108,Fixed,0
793,1,5478.68,20,3,0.21214150582946154,Flexible,1
794,22,5188.56,26,5,0.6651336844656164,Flexible,0
795,52,5921.78,68,2,0.2846825887023271,Fixed,0
796,17,391.01,86,4,0.8984155152237729,Flexible,0
797,7,4015.6,15,2,0.6185144165577322,Fixed,0
798,25,6101.27,85,3,0.7597519272469668,Fixed,1
799,45,6017.46,79,5,0.5286856734723973,Fixed,0
800,4,7950.27,86,3,0.6484638472008389,Fixed,0
801,36,6584.59,92,1,0.9541273415733045,Flexible,0
802,6,9922.12,14,5,0.26618723169893665,Fixed,0
803,31,2910.16,27,3,0.40315021753895697,Flexible,0
804,19,3655.6,40,4,0.8239906615284356,Fixed,0
805,44,3900.09,58,5,0.2789897655061327,Fixed,0
806,54,4711.55,28,5,0.2605288831232887,Flexible,0
807,39,8376.38,26,2,0.48923311900323085,Fixed,0
808,27,2434.34,63,4,0.2737343667779459,Flexible,0
809,10,7782.4,66,1,0.6680627537649625,Flexible,1
810,26,4112.57,25,3,0.3810202006532799,Fixed,0
811,19,6058.37,3,2,0.916558370559498,Fixed,0
812,39,6362.15,72,3,0.8268000646762055,Fixed,0
813,3,3791.2,44,1,0.759764164879581,Fixed,0
814,45,5174.89,97,1,0.6935552219076015,Fixed,0
815,13,4189.01,42,5,0.8907725842731706,Fixed,0
816,50,784.41,99,1,0.37844964923420554,Flexible,0
817,28,4427.94,6,3,0.8984870742113822,Flexible,1
818,58,1064.19,39,4,0.8315938387392419,Fixed,0
819,20,4109.71,52,4,0.7985286611101485,Flexible,0
820,28,5969.89,23,5,0.6490045424599393,Flexible,0
821,8,5836.21,89,3,0.3969953287764801,Fixed,0
822,41,6659.95,50,3,0.5388383327935171,Fixed,0
823,39,1043.09,43,1,0.8348565236310412,Flexible,0
824,1,6556.02,19,3,0.22542278748585956,Fixed,0
825,3,3190.27,69,2,0.8256406154110068,Flexible,1
826,13,4050.55,51,1,0.3920565923900532,Fixed,0
827,28,8594.06,11,2,0.31544736057728245,Flexible,0
828,57,189.4,12,5,0.29256105454424175,Flexible,1
829,49,5925.29,74,4,0.2218000095606521,Flexible,0
830,25,6027.27,8,5,0.6188691881771624,Flexible,0
831,56,4026.93,24,4,0.37460789815498363,Fixed,1
832,33,2446.58,92,5,0.9915454126237053,Fixed,0
833,38,2423.27,41,3,0.6595494046977646,Flexible,1
834,53,8848.73,36,2,0.31030821548480836,Flexible,0
835,6,4476.04,85,4,0.7510100326490923,Fixed,0
836,58,3375.8,72,1,0.9181948532077804,Fixed,1
837,44,4542.9,55,2,0.7961435962956915,Flexible,0
838,45,6726.96,9,1,0.26115188883155815,Flexible,0
839,32,1542.99,47,2,0.9167073449541276,Flexible,0
840,45,4549.39,15,2,0.8351435086879719,Flexible,1
841,47,5920.06,48,5,0.3266431200844915,Flexible,1
842,21,9490.98,82,4,0.24142871098625351,Fixed,0
843,16,2600.03,42,4,0.6458484602514468,Flexible,0
844,54,3656.58,60,2,0.32482864907198156,Fixed,1
845,21,3855.65,84,3,0.8676727620762177,Fixed,0
846,11,6094.83,70,3,0.48666772533733904,Fixed,0
847,37,3631.65,12,1,0.9303139557892603,Flexible,0
848,36,5381.77,2,1,0.6525505377128047,Fixed,0
849,35,7839.72,7,5,0.34613790739173456,Fixed,0
850,19,7083.32,80,2,0.3116790938878401,Fixed,0
851,20,4519.05,3,1,0.6611779500462032,Fixed,0
852,57,8655.74,3,1,0.8095068894899551,Flexible,1
853,18,5625.59,27,2,0.8252045181937457,Flexible,0
854,47,5445.07,40,5,0.42060592355302506,Fixed,0
855,41,438.46,33,1,0.363397407129734,Fixed,0
856,49,9868.26,92,5,0.21340504359390594,Flexible,0
857,14,1317.41,1,4,0.7433593209609355,Flexible,0
858,15,2388.2,8,5,0.2612546067468312,Flexible,0
859,31,611.8,32,3,0.5366089614127407,Fixed,0
860,1,6436.03,48,3,0.6813457312146369,Flexible,1
861,53,2324.54,4,5,0.9496871559357416,Fixed,0
862,54,1882.1,94,3,0.44944170956461493,Fixed,0
863,54,976.7,70,4,0.3998177299572159,Flexible,0
864,3,1122.76,19,2,0.7233281234288789,Fixed,1
865,16,5888.24,32,3,0.6953912256428654,Flexible,0
866,23,6913.26,9,3,0.46568782664649966,Fixed,0
867,57,4034.05,12,5,0.9424814684078293,Flexible,0
868,11,4850.98,11,4,0.8758898619917062,Fixed,0
869,12,6891.08,46,2,0.37918603669206496,Fixed,0
870,10,272.06,16,5,0.3913140363476186,Flexible,0
871,32,3298.99,1,5,0.6098402775096645,Flexible,1
872,16,9733.67,63,4,0.8188576813845763,Flexible,1
873,8,5843.11,21,2,0.2352323035107715,Flexible,0
874,38,2616.82,30,4,0.7546681229877654,Fixed,1
875,12,5265.13,13,2,0.7185887179056776,Flexible,0
876,24,3492.27,34,4,0.3851840767303906,Flexible,0
877,28,5369.23,4,5,0.7450824105930791,Fixed,0
878,53,1344.84,28,5,0.9521465530016662,Flexible,0
879,8,1413.88,95,1,0.23742867597741482,Flexible,1
880,58,1521.07,59,3,0.45572164423365,Fixed,0
881,28,9404.22,27,4,0.5505413733330842,Flexible,0
882,36,7355.7,69,1,0.9194082871397518,Flexible,0
883,26,1707.58,25,3,0.9698091572873253,Flexible,0
884,8,1964.66,3,4,0.5552921971970659,Flexible,0
885,58,7335.21,97,2,0.800022729713753,Flexible,0
886,50,1646.02,68,3,0.6253288190115864,Flexible,0
887,28,2422.16,25,5,0.6302263477931012,Fixed,1
888,28,9637.13,20,1,0.42247961205308515,Flexible,1
889,37,2627.53,34,3,0.37356499669110366,Fixed,0
890,41,6650.16,26,3,0.4304042767392329,Fixed,1
891,36,9788.45,5,5,0.6450624058056635,Fixed,0
892,27,3805.54,99,4,0.2233241488176712,Fixed,0
893,54,273.41,61,2,0.9257991554851246,Flexible,0
894,17,2517.06,92,5,0.325026967639821,Flexible,0
895,9,8325.68,93,2,0.3760709414971093,Flexible,0
896,33,8659.63,9,4,0.6146209411581172,Fixed,0
897,53,7708.34,50,3,0.7680918130698235,Flexible,0
898,20,1219.79,6,2,0.27658324379551785,Flexible,0
899,13,7975.55,83,1,0.4541557580377298,Flexible,0
900,28,9194.91,60,1,0.9749396844594858,Fixed,0
901,48,6046.03,44,5,0.4098743734247566,Fixed,0
902,29,9414.67,11,4,0.45044011605051754,Flexible,0
903,13,8285.7,66,5,0.8691987924944269,Fixed,0
904,46,6703.02,47,5,0.2401715453523642,Fixed,0
905,35,5814.13,73,5,0.5716905350471767,Flexible,0
906,6,3550.88,85,1,0.5036934115613363,Fixed,1
907,18,1676.95,88,1,0.45326940792692094,Fixed,0
908,51,6089.04,98,5,0.4285596752358116,Flexible,0
909,5,3249.3,86,1,0.2730992838883274,Fixed,0
910,47,8677.74,3,4,0.4518606634813191,Fixed,1
911,25,9934.04,76,5,0.23444192217253487,Fixed,0
912,2,7549.03,92,1,0.8247710909155483,Fixed,0
913,10,995.77,30,2,0.5185822351664093,Fixed,1
914,56,2957.99,90,5,0.5551230658559293,Fixed,0
915,30,1180.19,21,5,0.9148756691601052,Fixed,0
916,50,6540.07,28,4,0.7264439870889767,Fixed,0
917,59,7675.39,90,3,0.20644728267369583,Flexible,0
918,45,9264.18,62,3,0.9545398583690281,Flexible,0
919,5,4437.91,33,4,0.389715572782169,Flexible,0
920,55,9023.62,85,4,0.2860913478078871,Flexible,0
921,56,8791.12,35,4,0.8145025427047059,Fixed,0
922,33,3240.24,52,3,0.6003818526933746,Flexible,0
923,54,8702.12,34,4,0.5470164528144141,Flexible,0
924,1,3819.16,41,1,0.39960246374619346,Fixed,0
925,18,3039.01,51,5,0.6379771918898549,Fixed,1
926,32,6525.84,47,5,0.41950768416206996,Fixed,0
927,47,3350.97,82,2,0.9212664042296541,Fixed,1
928,49,6339.07,58,2,0.37216358378655423,Fixed,0
929,11,6137.33,75,5,0.9074841203646029,Flexible,0
930,21,5678.05,57,1,0.6475243405818856,Fixed,0
931,26,3866.16,23,3,0.8627905071161928,Flexible,0
932,25,5530.15,48,3,0.770276796688764,Flexible,0
933,22,6005.21,22,1,0.7573560891493989,Fixed,0
934,59,5502.3,17,3,0.4594766461560446,Flexible,1
935,27,4499.75,69,4,0.3871175451777628,Flexible,0
936,49,245.2,11,5,0.36870898214463055,Fixed,0
937,13,5911.91,94,5,0.8857533256476711,Flexible,0
938,33,1767.6,15,1,0.856341456207216,Flexible,1
939,34,6461.5,91,3,0.5524588224098459,Flexible,0
940,41,7617.51,35,2,0.3059236907971637,Fixed,0
941,35,5054.41,33,2,0.5058018015819667,Fixed,0
942,1,5469.4,84,3,0.6954747633095291,Fixed,0
943,21,9519.64,16,2,0.5635225235839623,Flexible,0
944,48,8486.96,34,1,0.824151414786396,Fixed,0
945,55,9150.94,66,1,0.9980982578011084,Flexible,0
946,6,8156.29,99,3,0.3529056707591175,Fixed,0
947,28,1178.29,40,2,0.567720655727658,Flexible,0
948,17,1575.02,28,1,0.5447871215366576,Fixed,0
949,5,5313.58,47,1,0.44359402619916066,Fixed,1
950,31,2536.09,39,4,0.3584764133762317,Flexible,0
951,5,4819.29,70,4,0.2525536931917274,Fixed,0
952,38,4004.22,73,1,0.9096954537789588,Flexible,0
953,3,5539.2,20,3,0.5358789581490542,Fixed,0
954,53,7494.07,1,5,0.5975164148000391,Fixed,1
955,23,7183.36,72,5,0.9335536385607328,Flexible,0
956,37,5260.22,87,1,0.8210323820127583,Flexible,0
957,53,8241.69,63,1,0.3044010112937474,Flexible,0
958,37,4365.53,67,1,0.6523359740861939,Fixed,1
959,10,8977.47,4,3,0.5538018212156472,Flexible,0
960,10,805.67,58,4,0.8377688580630103,Fixed,0
961,19,9551.13,25,1,0.7793860380895594,Flexible,1
962,17,6581.46,47,1,0.7523245775288576,Flexible,0
963,21,3862.74,38,2,0.47243586838391755,Flexible,0
964,14,2051.83,15,3,0.8439709843194036,Flexible,0
965,9,4843.91,63,1,0.241913036475889,Flexible,0
966,46,2026.13,21,2,0.32769992114573376,Flexible,0
967,1,1746.68,99,5,0.4684986183823294,Fixed,0
968,51,6211.78,57,1,0.26144595285542505,Flexible,1
969,45,5278.54,53,1,0.3879954220277533,Fixed,0
970,13,6733.95,46,2,0.8641207863983345,Flexible,0
971,4,9303.1,14,3,0.9586012302320635,Flexible,0
972,1,5369.38,76,1,0.44368188461935243,Flexible,0
973,49,5851.23,17,5,0.4116126431910706,Fixed,0
974,40,987.3,39,1,0.42391412179714155,Fixed,0
975,32,7204.59,9,5,0.4221752698806751,Flexible,0
976,34,4059.06,99,4,0.2287441457487784,Fixed,0
977,28,9769.58,77,4,0.9415330770648864,Flexible,1
978,31,8249.42,79,5,0.3709585132562627,Flexible,1
979,8,5272.56,82,3,0.536003259265124,Fixed,0
980,39,1319.9,97,1,0.2077495061927742,Fixed,0
981,26,8608.22,6,1,0.8863640727320459,Fixed,0
982,58,8017.83,91,4,0.7849258755639339,Fixed,0
983,34,1927.39,23,5,0.9574048281389627,Flexible,0
984,54,3023.26,59,1,0.8252923833571193,Fixed,0
985,54,7954.73,91,1,0.4509652096416522,Fixed,0
986,3,1933.76,98,3,0.39829868698273896,Flexible,0
987,59,9185.75,46,2,0.7581730460426344,Fixed,0
988,50,4302.82,38,4,0.49129022000839956,Fixed,0
989,12,961.69,14,4,0.6529720126020933,Fixed,0
990,1,8175.91,72,2,0.2050059768211762,Fixed,0
991,54,3797.75,62,1,0.2495085613443802,Flexible,0
992,44,5312.34,35,3,0.628294352945321,Flexible,0
993,5,1211.81,19,3,0.6528573171585321,Fixed,1
994,30,125.58,30,4,0.801162355567475,Fixed,0
995,30,6416.05,78,3,0.3055722556991694,Flexible,0
996,59,5200.23,84,2,0.610546467005423,Fixed,0
997,57,5976.03,25,1,0.3555581155453509,Fixed,1
998,17,7958.06,40,2,0.2745568956501558,Fixed,0
999,48,6501.4,88,5,0.5283966352484437,Fixed,0
1000,47,1830.26,14,4,0.3306693184712458,Fixed,1
